PassengerId,Transported
15035,True
15036,True
15037,True
15038,True
15039,True
15040,True
15041,True
15042,True
15043,True
15044,True
15045,True
15046,True
15047,True
15048,True
15049,True
15050,True
15051,True
15052,True
15053,True
15054,True
15055,True
15056,True
15057,True
15058,True
15059,True
15060,True
15061,True
15062,True
15063,True
15064,True
15065,True
15066,True
15067,True
15068,True
15069,True
15070,True
15071,True
15072,True
15073,True
15074,True
15075,True
15076,True
15077,True
15078,True
15079,True
15080,True
15081,True
15082,True
15083,True
15084,True
15085,True
15086,True
15087,True
15088,True
15089,True
15090,True
15091,True
15092,True
15093,True
15094,True
15095,True
15096,True
15097,True
15098,True
15099,True
15100,True
15101,True
15102,True
15103,True
15104,True
15105,True
15106,True
15107,True
15108,True
15109,True
15110,True
15111,True
15112,True
15113,True
15114,True
15115,True
15116,True
15117,True
15118,True
15119,True
15120,True
15121,True
15122,True
15123,True
15124,True
15125,True
15126,True
15127,True
15128,True
15129,True
15130,True
15131,True
15132,True
15133,True
15134,True
15135,True
15136,True
15137,True
15138,True
15139,True
15140,True
15141,True
15142,True
15143,True
15144,True
15145,True
15146,True
15147,True
15148,True
15149,True
15150,True
15151,True
15152,True
15153,True
15154,True
15155,True
15156,True
15157,True
15158,True
15159,True
15160,True
15161,True
15162,True
15163,True
15164,True
15165,True
15166,True
15167,True
15168,True
15169,True
15170,True
15171,True
15172,True
15173,True
15174,True
15175,True
15176,True
15177,True
15178,True
15179,True
15180,True
15181,True
15182,True
15183,True
15184,True
15185,True
15186,True
15187,True
15188,True
15189,True
15190,True
15191,True
15192,True
15193,True
15194,True
15195,True
15196,True
15197,True
15198,True
15199,True
15200,True
15201,True
15202,True
15203,True
15204,True
15205,True
15206,True
15207,True
15208,True
15209,True
15210,True
15211,True
15212,True
15213,True
15214,True
15215,True
15216,True
15217,True
15218,True
15219,True
15220,True
15221,True
15222,True
15223,True
15224,True
15225,True
15226,True
15227,True
15228,True
15229,True
15230,True
15231,True
15232,True
15233,True
15234,True
15235,True
15236,True
15237,True
15238,True
15239,True
15240,True
15241,True
15242,True
15243,True
15244,True
15245,True
15246,True
15247,True
15248,True
15249,True
15250,True
15251,True
15252,True
15253,True
15254,True
15255,True
15256,True
15257,True
15258,True
15259,True
15260,True
15261,True
15262,True
15263,True
15264,True
15265,True
15266,True
15267,True
15268,True
15269,True
15270,True
15271,True
15272,True
15273,True
15274,True
15275,True
15276,True
15277,True
15278,True
15279,True
15280,True
15281,True
15282,True
15283,True
15284,True
15285,True
15286,True
15287,True
15288,True
15289,True
15290,True
15291,True
15292,True
15293,True
15294,True
15295,True
15296,True
15297,True
15298,True
15299,True
15300,True
15301,True
15302,True
15303,True
15304,True
15305,True
15306,True
15307,True
15308,True
15309,True
15310,True
15311,True
15312,True
15313,True
15314,True
15315,True
15316,True
15317,True
15318,True
15319,True
15320,True
15321,True
15322,True
15323,True
15324,True
15325,True
15326,True
15327,True
15328,True
15329,True
15330,True
15331,True
15332,True
15333,True
15334,True
15335,True
15336,True
15337,True
15338,True
15339,True
15340,True
15341,True
15342,True
15343,True
15344,True
15345,True
15346,True
15347,True
15348,True
15349,True
15350,True
15351,True
15352,True
15353,True
15354,True
15355,True
15356,True
15357,True
15358,True
15359,True
15360,True
15361,True
15362,True
15363,True
15364,True
15365,True
15366,True
15367,True
15368,True
15369,True
15370,True
15371,True
15372,True
15373,True
15374,True
15375,True
15376,True
15377,True
15378,True
15379,True
15380,True
15381,True
15382,True
15383,True
15384,True
15385,True
15386,True
15387,True
15388,True
15389,True
15390,True
15391,True
15392,True
15393,True
15394,True
15395,True
15396,True
15397,True
15398,True
15399,True
15400,True
15401,True
15402,True
15403,True
15404,True
15405,True
15406,True
15407,True
15408,True
15409,True
15410,True
15411,True
15412,True
15413,True
15414,True
15415,True
15416,True
15417,True
15418,True
15419,True
15420,True
15421,True
15422,True
15423,True
15424,True
15425,True
15426,True
15427,True
15428,True
15429,True
15430,True
15431,True
15432,True
15433,True
15434,True
15435,True
15436,True
15437,True
15438,True
15439,True
15440,True
15441,True
15442,True
15443,True
15444,True
15445,True
15446,True
15447,True
15448,True
15449,True
15450,True
15451,True
15452,True
15453,True
15454,True
15455,True
15456,True
15457,True
15458,True
15459,True
15460,True
15461,True
15462,True
15463,True
15464,True
15465,True
15466,True
15467,True
15468,True
15469,True
15470,True
15471,True
15472,True
15473,True
15474,True
15475,True
15476,True
15477,True
15478,True
15479,True
15480,True
15481,True
15482,True
15483,True
15484,True
15485,True
15486,True
15487,True
15488,True
15489,True
15490,True
15491,True
15492,True
15493,True
15494,True
15495,True
15496,True
15497,True
15498,True
15499,True
15500,True
15501,True
15502,True
15503,True
15504,True
15505,True
15506,True
15507,True
15508,True
15509,True
15510,True
15511,True
15512,True
15513,True
15514,True
15515,True
15516,True
15517,True
15518,True
15519,True
15520,True
15521,True
15522,True
15523,True
15524,True
15525,True
15526,True
15527,True
15528,True
15529,True
15530,True
15531,True
15532,True
15533,True
15534,True
15535,True
15536,True
15537,True
15538,True
15539,True
15540,True
15541,True
15542,True
15543,True
15544,True
15545,True
15546,True
15547,True
15548,True
15549,True
15550,True
15551,True
15552,True
15553,True
15554,True
15555,True
15556,True
15557,True
15558,True
15559,True
15560,True
15561,True
15562,True
15563,True
15564,True
15565,True
15566,True
15567,True
15568,True
15569,True
15570,True
15571,True
15572,True
15573,True
15574,True
15575,True
15576,True
15577,True
15578,True
15579,True
15580,True
15581,True
15582,True
15583,True
15584,True
15585,True
15586,True
15587,True
15588,True
15589,True
15590,True
15591,True
15592,True
15593,True
15594,True
15595,True
15596,True
15597,True
15598,True
15599,True
15600,True
15601,True
15602,True
15603,True
15604,True
15605,True
15606,True
15607,True
15608,True
15609,True
15610,True
15611,True
15612,True
15613,True
15614,True
15615,True
15616,True
15617,True
15618,True
15619,True
15620,True
15621,True
15622,True
15623,True
15624,True
15625,True
15626,True
15627,True
15628,True
15629,True
15630,True
15631,True
15632,True
15633,True
15634,True
15635,True
15636,True
15637,True
15638,True
15639,True
15640,True
15641,True
15642,True
15643,True
15644,True
15645,True
15646,True
15647,True
15648,True
15649,True
15650,True
15651,True
15652,True
15653,True
15654,True
15655,True
15656,True
15657,True
15658,True
15659,True
15660,True
15661,True
15662,True
15663,True
15664,True
15665,True
15666,True
15667,True
15668,True
15669,True
15670,True
15671,True
15672,True
15673,True
15674,True
15675,True
15676,True
15677,True
15678,True
15679,True
15680,True
15681,True
15682,True
15683,True
15684,True
15685,True
15686,True
15687,True
15688,True
15689,True
15690,True
15691,True
15692,True
15693,True
15694,True
15695,True
15696,True
15697,True
15698,True
15699,True
15700,True
15701,True
15702,True
15703,True
15704,True
15705,True
15706,True
15707,True
15708,True
15709,True
15710,True
15711,True
15712,True
15713,True
15714,True
15715,True
15716,True
15717,True
15718,True
15719,True
15720,True
15721,True
15722,True
15723,True
15724,True
15725,True
15726,True
15727,True
15728,True
15729,True
15730,True
15731,True
15732,True
15733,True
15734,True
15735,True
15736,True
15737,True
15738,True
15739,True
15740,True
15741,True
15742,True
15743,True
15744,True
15745,True
15746,True
15747,True
15748,True
15749,True
15750,True
15751,True
15752,True
15753,True
15754,True
15755,True
15756,True
15757,True
15758,True
15759,True
15760,True
15761,True
15762,True
15763,True
15764,True
15765,True
15766,True
15767,True
15768,True
15769,True
15770,True
15771,True
15772,True
15773,True
15774,True
15775,True
15776,True
15777,True
15778,True
15779,True
15780,True
15781,True
15782,True
15783,True
15784,True
15785,True
15786,True
15787,True
15788,True
15789,True
15790,True
15791,True
15792,True
15793,True
15794,True
15795,True
15796,True
15797,True
15798,True
15799,True
15800,True
15801,True
15802,True
15803,True
15804,True
15805,True
15806,True
15807,True
15808,True
15809,True
15810,True
15811,True
15812,True
15813,True
15814,True
15815,True
15816,True
15817,True
15818,True
15819,True
15820,True
15821,True
15822,True
15823,True
15824,True
15825,True
15826,True
15827,True
15828,True
15829,True
15830,True
15831,True
15832,True
15833,True
15834,True
15835,True
15836,True
15837,True
15838,True
15839,True
15840,True
15841,True
15842,True
15843,True
15844,True
15845,True
15846,True
15847,True
15848,True
15849,True
15850,True
15851,True
15852,True
15853,True
15854,True
15855,True
15856,True
15857,True
15858,True
15859,True
15860,True
15861,True
15862,True
15863,True
15864,True
15865,True
15866,True
15867,True
15868,True
15869,True
15870,True
15871,True
15872,True
15873,True
15874,True
15875,True
15876,True
15877,True
15878,True
15879,True
15880,True
15881,True
15882,True
15883,True
15884,True
15885,True
15886,True
15887,True
15888,True
15889,True
15890,True
15891,True
15892,True
15893,True
15894,True
15895,True
15896,True
15897,True
15898,True
15899,True
15900,True
15901,True
15902,True
15903,True
15904,True
15905,True
15906,True
15907,True
15908,True
15909,True
15910,True
15911,True
15912,True
15913,True
15914,True
15915,True
15916,True
15917,True
15918,True
15919,True
15920,True
15921,True
15922,True
15923,True
15924,True
15925,True
15926,True
15927,True
15928,True
15929,True
15930,True
15931,True
15932,True
15933,True
15934,True
15935,True
15936,True
15937,True
15938,True
15939,True
15940,True
15941,True
15942,True
15943,True
15944,True
15945,True
15946,True
15947,True
15948,True
15949,True
15950,True
15951,True
15952,True
15953,True
15954,True
15955,True
15956,True
15957,True
15958,True
15959,True
15960,True
15961,True
15962,True
15963,True
15964,True
15965,True
15966,True
15967,True
15968,True
15969,True
15970,True
15971,True
15972,True
15973,True
15974,True
15975,True
15976,True
15977,True
15978,True
15979,True
15980,True
15981,True
15982,True
15983,True
15984,True
15985,True
15986,True
15987,True
15988,True
15989,True
15990,True
15991,True
15992,True
15993,True
15994,True
15995,True
15996,True
15997,True
15998,True
15999,True
16000,True
16001,True
16002,True
16003,True
16004,True
16005,True
16006,True
16007,True
16008,True
16009,True
16010,True
16011,True
16012,True
16013,True
16014,True
16015,True
16016,True
16017,True
16018,True
16019,True
16020,True
16021,True
16022,True
16023,True
16024,True
16025,True
16026,True
16027,True
16028,True
16029,True
16030,True
16031,True
16032,True
16033,True
16034,True
16035,True
16036,True
16037,True
16038,True
16039,True
16040,True
16041,True
16042,True
16043,True
16044,True
16045,True
16046,True
16047,True
16048,True
16049,True
16050,True
16051,True
16052,True
16053,True
16054,True
16055,True
16056,True
16057,True
16058,True
16059,True
16060,True
16061,True
16062,True
16063,True
16064,True
16065,True
16066,True
16067,True
16068,True
16069,True
16070,True
16071,True
16072,True
16073,True
16074,True
16075,True
16076,True
16077,True
16078,True
16079,True
16080,True
16081,True
16082,True
16083,True
16084,True
16085,True
16086,True
16087,True
16088,True
16089,True
16090,True
16091,True
16092,True
16093,True
16094,True
16095,True
16096,True
16097,True
16098,True
16099,True
16100,True
16101,True
16102,True
16103,True
16104,True
16105,True
16106,True
16107,True
16108,True
16109,True
16110,True
16111,True
16112,True
16113,True
16114,True
16115,True
16116,True
16117,True
16118,True
16119,True
16120,True
16121,True
16122,True
16123,True
16124,True
16125,True
16126,True
16127,True
16128,True
16129,True
16130,True
16131,True
16132,True
16133,True
16134,True
16135,True
16136,True
16137,True
16138,True
16139,True
16140,True
16141,True
16142,True
16143,True
16144,True
16145,True
16146,True
16147,True
16148,True
16149,True
16150,True
16151,True
16152,True
16153,True
16154,True
16155,True
16156,True
16157,True
16158,True
16159,True
16160,True
16161,True
16162,True
16163,True
16164,True
16165,True
16166,True
16167,True
16168,True
16169,True
16170,True
16171,True
16172,True
16173,True
16174,True
16175,True
16176,True
16177,True
16178,True
16179,True
16180,True
16181,True
16182,True
16183,True
16184,True
16185,True
16186,True
16187,True
16188,True
16189,True
16190,True
16191,True
16192,True
16193,True
16194,True
16195,True
16196,True
16197,True
16198,True
16199,True
16200,True
16201,True
16202,True
16203,True
16204,True
16205,True
16206,True
16207,True
16208,True
16209,True
16210,True
16211,True
16212,True
16213,True
16214,True
16215,True
16216,True
16217,True
16218,True
16219,True
16220,True
16221,True
16222,True
16223,True
16224,True
16225,True
16226,True
16227,True
16228,True
16229,True
16230,True
16231,True
16232,True
16233,True
16234,True
16235,True
16236,True
16237,True
16238,True
16239,True
16240,True
16241,True
16242,True
16243,True
16244,True
16245,True
16246,True
16247,True
16248,True
16249,True
16250,True
16251,True
16252,True
16253,True
16254,True
16255,True
16256,True
16257,True
16258,True
16259,True
16260,True
16261,True
16262,True
16263,True
16264,True
16265,True
16266,True
16267,True
16268,True
16269,True
16270,True
16271,True
16272,True
16273,True
16274,True
16275,True
16276,True
16277,True
16278,True
16279,True
16280,True
16281,True
16282,True
16283,True
16284,True
16285,True
16286,True
16287,True
16288,True
16289,True
16290,True
16291,True
16292,True
16293,True
16294,True
16295,True
16296,True
16297,True
16298,True
16299,True
16300,True
16301,True
16302,True
16303,True
16304,True
16305,True
16306,True
16307,True
16308,True
16309,True
16310,True
16311,True
16312,True
16313,True
16314,True
16315,True
16316,True
16317,True
16318,True
16319,True
16320,True
16321,True
16322,True
16323,True
16324,True
16325,True
16326,True
16327,True
16328,True
16329,True
16330,True
16331,True
16332,True
16333,True
16334,True
16335,True
16336,True
16337,True
16338,True
16339,True
16340,True
16341,True
16342,True
16343,True
16344,True
16345,True
16346,True
16347,True
16348,True
16349,True
16350,True
16351,True
16352,True
16353,True
16354,True
16355,True
16356,True
16357,True
16358,True
16359,True
16360,True
16361,True
16362,True
16363,True
16364,True
16365,True
16366,True
16367,True
16368,True
16369,True
16370,True
16371,True
16372,True
16373,True
16374,True
16375,True
16376,True
16377,True
16378,True
16379,True
16380,True
16381,True
16382,True
16383,True
16384,True
16385,True
16386,True
16387,True
16388,True
16389,True
16390,True
16391,True
16392,True
16393,True
16394,True
16395,True
16396,True
16397,True
16398,True
16399,True
16400,True
16401,True
16402,True
16403,True
16404,True
16405,True
16406,True
16407,True
16408,True
16409,True
16410,True
16411,True
16412,True
16413,True
16414,True
16415,True
16416,True
16417,True
16418,True
16419,True
16420,True
16421,True
16422,True
16423,True
16424,True
16425,True
16426,True
16427,True
16428,True
16429,True
16430,True
16431,True
16432,True
16433,True
16434,True
16435,True
16436,True
16437,True
16438,True
16439,True
16440,True
16441,True
16442,True
16443,True
16444,True
16445,True
16446,True
16447,True
16448,True
16449,True
16450,True
16451,True
16452,True
16453,True
16454,True
16455,True
16456,True
16457,True
16458,True
16459,True
16460,True
16461,True
16462,True
16463,True
16464,True
16465,True
16466,True
16467,True
16468,True
16469,True
16470,True
16471,True
16472,True
16473,True
16474,True
16475,True
16476,True
16477,True
16478,True
16479,True
16480,True
16481,True
16482,True
16483,True
16484,True
16485,True
16486,True
16487,True
16488,True
16489,True
16490,True
16491,True
16492,True
16493,True
16494,True
16495,True
16496,True
16497,True
16498,True
16499,True
16500,True
16501,True
16502,True
16503,True
16504,True
16505,True
16506,True
16507,True
16508,True
16509,True
16510,True
16511,True
16512,True
16513,True
16514,True
16515,True
16516,True
16517,True
16518,True
16519,True
16520,True
16521,True
16522,True
16523,True
16524,True
16525,True
16526,True
16527,True
16528,True
16529,True
16530,True
16531,True
16532,True
16533,True
16534,True
16535,True
16536,True
16537,True
16538,True
16539,True
16540,True
16541,True
16542,True
16543,True
16544,True
16545,True
16546,True
16547,True
16548,True
16549,True
16550,True
16551,True
16552,True
16553,True
16554,True
16555,True
16556,True
16557,True
16558,True
16559,True
16560,True
16561,True
16562,True
16563,True
16564,True
16565,True
16566,True
16567,True
16568,True
16569,True
16570,True
16571,True
16572,True
16573,True
16574,True
16575,True
16576,True
16577,True
16578,True
16579,True
16580,True
16581,True
16582,True
16583,True
16584,True
16585,True
16586,True
16587,True
16588,True
16589,True
16590,True
16591,True
16592,True
16593,True
16594,True
16595,True
16596,True
16597,True
16598,True
16599,True
16600,True
16601,True
16602,True
16603,True
16604,True
16605,True
16606,True
16607,True
16608,True
16609,True
16610,True
16611,True
16612,True
16613,True
16614,True
16615,True
16616,True
16617,True
16618,True
16619,True
16620,True
16621,True
16622,True
16623,True
16624,True
16625,True
16626,True
16627,True
16628,True
16629,True
16630,True
16631,True
16632,True
16633,True
16634,True
16635,True
16636,True
16637,True
16638,True
16639,True
16640,True
16641,True
16642,True
16643,True
16644,True
16645,True
16646,True
16647,True
16648,True
16649,True
16650,True
16651,True
16652,True
16653,True
16654,True
16655,True
16656,True
16657,True
16658,True
16659,True
16660,True
16661,True
16662,True
16663,True
16664,True
16665,True
16666,True
16667,True
16668,True
16669,True
16670,True
16671,True
16672,True
16673,True
16674,True
16675,True
16676,True
16677,True
16678,True
16679,True
16680,True
16681,True
16682,True
16683,True
16684,True
16685,True
16686,True
16687,True
16688,True
16689,True
16690,True
16691,True
16692,True
16693,True
16694,True
16695,True
16696,True
16697,True
16698,True
16699,True
16700,True
16701,True
16702,True
16703,True
16704,True
16705,True
16706,True
16707,True
16708,True
16709,True
16710,True
16711,True
16712,True
16713,True
16714,True
16715,True
16716,True
16717,True
16718,True
16719,True
16720,True
16721,True
16722,True
16723,True
16724,True
16725,True
16726,True
16727,True
16728,True
16729,True
16730,True
16731,True
16732,True
16733,True
16734,True
16735,True
16736,True
16737,True
16738,True
16739,True
16740,True
16741,True
16742,True
16743,True
16744,True
16745,True
16746,True
16747,True
16748,True
16749,True
16750,True
16751,True
16752,True
16753,True
16754,True
16755,True
16756,True
16757,True
16758,True
16759,True
16760,True
16761,True
16762,True
16763,True
16764,True
16765,True
16766,True
16767,True
16768,True
16769,True
16770,True
16771,True
16772,True
16773,True
16774,True
16775,True
16776,True
16777,True
16778,True
16779,True
16780,True
16781,True
16782,True
16783,True
16784,True
16785,True
16786,True
16787,True
16788,True
16789,True
16790,True
16791,True
16792,True
16793,True
16794,True
16795,True
16796,True
16797,True
16798,True
16799,True
16800,True
16801,True
16802,True
16803,True
16804,True
16805,True
16806,True
16807,True
16808,True
16809,True
16810,True
16811,True
16812,True
16813,True
16814,True
16815,True
16816,True
16817,True
16818,True
16819,True
16820,True
16821,True
16822,True
16823,True
16824,True
16825,True
16826,True
16827,True
16828,True
16829,True
16830,True
16831,True
16832,True
16833,True
16834,True
16835,True
16836,True
16837,True
16838,True
16839,True
16840,True
16841,True
16842,True
16843,True
16844,True
16845,True
16846,True
16847,True
16848,True
16849,True
16850,True
16851,True
16852,True
16853,True
16854,True
16855,True
16856,True
16857,True
16858,True
16859,True
16860,True
16861,True
16862,True
16863,True
16864,True
16865,True
16866,True
16867,True
16868,True
16869,True
16870,True
16871,True
16872,True
16873,True
16874,True
16875,True
16876,True
16877,True
16878,True
16879,True
16880,True
16881,True
16882,True
16883,True
16884,True
16885,True
16886,True
16887,True
16888,True
16889,True
16890,True
16891,True
16892,True
16893,True
16894,True
16895,True
16896,True
16897,True
16898,True
16899,True
16900,True
16901,True
16902,True
16903,True
16904,True
16905,True
16906,True
16907,True
16908,True
16909,True
16910,True
16911,True
16912,True
16913,True
16914,True
16915,True
16916,True
16917,True
16918,True
16919,True
16920,True
16921,True
16922,True
16923,True
16924,True
16925,True
16926,True
16927,True
16928,True
16929,True
16930,True
16931,True
16932,True
16933,True
16934,True
16935,True
16936,True
16937,True
16938,True
16939,True
16940,True
16941,True
16942,True
16943,True
16944,True
16945,True
16946,True
16947,True
16948,True
16949,True
16950,True
16951,True
16952,True
16953,True
16954,True
16955,True
16956,True
16957,True
16958,True
16959,True
16960,True
16961,True
16962,True
16963,True
16964,True
16965,True
16966,True
16967,True
16968,True
16969,True
16970,True
16971,True
16972,True
16973,True
16974,True
16975,True
16976,True
16977,True
16978,True
16979,True
16980,True
16981,True
16982,True
16983,True
16984,True
16985,True
16986,True
16987,True
16988,True
16989,True
16990,True
16991,True
16992,True
16993,True
16994,True
16995,True
16996,True
16997,True
16998,True
16999,True
17000,True
17001,True
17002,True
17003,True
17004,True
17005,True
17006,True
17007,True
17008,True
17009,True
17010,True
17011,True
17012,True
17013,True
17014,True
17015,True
17016,True
17017,True
17018,True
17019,True
17020,True
17021,True
17022,True
17023,True
17024,True
17025,True
17026,True
17027,True
17028,True
17029,True
17030,True
17031,True
17032,True
17033,True
17034,True
17035,True
17036,True
17037,True
17038,True
17039,True
17040,True
17041,True
17042,True
17043,True
17044,True
17045,True
17046,True
17047,True
17048,True
17049,True
17050,True
17051,True
17052,True
17053,True
17054,True
17055,True
17056,True
17057,True
17058,True
17059,True
17060,True
17061,True
17062,True
17063,True
17064,True
17065,True
17066,True
17067,True
17068,True
17069,True
17070,True
17071,True
17072,True
17073,True
17074,True
17075,True
17076,True
17077,True
17078,True
17079,True
17080,True
17081,True
17082,True
17083,True
17084,True
17085,True
17086,True
17087,True
17088,True
17089,True
17090,True
17091,True
17092,True
17093,True
17094,True
17095,True
17096,True
17097,True
17098,True
17099,True
17100,True
17101,True
17102,True
17103,True
17104,True
17105,True
17106,True
17107,True
17108,True
17109,True
17110,True
17111,True
17112,True
17113,True
17114,True
17115,True
17116,True
17117,True
17118,True
17119,True
17120,True
17121,True
17122,True
17123,True
17124,True
17125,True
17126,True
17127,True
17128,True
17129,True
17130,True
17131,True
17132,True
17133,True
17134,True
17135,True
17136,True
17137,True
17138,True
17139,True
17140,True
17141,True
17142,True
17143,True
17144,True
17145,True
17146,True
17147,True
17148,True
17149,True
17150,True
17151,True
17152,True
17153,True
17154,True
17155,True
17156,True
17157,True
17158,True
17159,True
17160,True
17161,True
17162,True
17163,True
17164,True
17165,True
17166,True
17167,True
17168,True
17169,True
17170,True
17171,True
17172,True
17173,True
17174,True
17175,True
17176,True
17177,True
17178,True
17179,True
17180,True
17181,True
17182,True
17183,True
17184,True
17185,True
17186,True
17187,True
17188,True
17189,True
17190,True
17191,True
17192,True
17193,True
17194,True
17195,True
17196,True
17197,True
17198,True
17199,True
17200,True
17201,True
17202,True
17203,True
17204,True
17205,True
17206,True
17207,True
17208,True
17209,True
17210,True
17211,True
17212,True
17213,True
17214,True
17215,True
17216,True
17217,True
17218,True
17219,True
17220,True
17221,True
17222,True
17223,True
17224,True
17225,True
17226,True
17227,True
17228,True
17229,True
17230,True
17231,True
17232,True
17233,True
17234,True
17235,True
17236,True
17237,True
17238,True
17239,True
17240,True
17241,True
17242,True
17243,True
17244,True
17245,True
17246,True
17247,True
17248,True
17249,True
17250,True
17251,True
17252,True
17253,True
17254,True
17255,True
17256,True
17257,True
17258,True
17259,True
17260,True
17261,True
17262,True
17263,True
17264,True
17265,True
17266,True
17267,True
17268,True
17269,True
17270,True
17271,True
17272,True
17273,True
17274,True
17275,True
17276,True
17277,True
17278,True
17279,True
17280,True
17281,True
17282,True
17283,True
17284,True
17285,True
17286,True
17287,True
17288,True
17289,True
17290,True
17291,True
17292,True
17293,True
17294,True
17295,True
17296,True
17297,True
17298,True
17299,True
17300,True
17301,True
17302,True
17303,True
17304,True
17305,True
17306,True
17307,True
17308,True
17309,True
17310,True
17311,True
17312,True
17313,True
17314,True
17315,True
17316,True
17317,True
17318,True
17319,True
17320,True
17321,True
17322,True
17323,True
17324,True
17325,True
17326,True
17327,True
17328,True
17329,True
17330,True
17331,True
17332,True
17333,True
17334,True
17335,True
17336,True
17337,True
17338,True
17339,True
17340,True
17341,True
17342,True
17343,True
17344,True
17345,True
17346,True
17347,True
17348,True
17349,True
17350,True
17351,True
17352,True
17353,True
17354,True
17355,True
17356,True
17357,True
17358,True
17359,True
17360,True
17361,True
17362,True
17363,True
17364,True
17365,True
17366,True
17367,True
17368,True
17369,True
17370,True
17371,True
17372,True
17373,True
17374,True
17375,True
17376,True
17377,True
17378,True
17379,True
17380,True
17381,True
17382,True
17383,True
17384,True
17385,True
17386,True
17387,True
17388,True
17389,True
17390,True
17391,True
17392,True
17393,True
17394,True
17395,True
17396,True
17397,True
17398,True
17399,True
17400,True
17401,True
17402,True
17403,True
17404,True
17405,True
17406,True
17407,True
17408,True
17409,True
17410,True
17411,True
17412,True
17413,True
17414,True
17415,True
17416,True
17417,True
17418,True
17419,True
17420,True
17421,True
17422,True
17423,True
17424,True
17425,True
17426,True
17427,True
17428,True
17429,True
17430,True
17431,True
17432,True
17433,True
17434,True
17435,True
17436,True
17437,True
17438,True
17439,True
17440,True
17441,True
17442,True
17443,True
17444,True
17445,True
17446,True
17447,True
17448,True
17449,True
17450,True
17451,True
17452,True
17453,True
17454,True
17455,True
17456,True
17457,True
17458,True
17459,True
17460,True
17461,True
17462,True
17463,True
17464,True
17465,True
17466,True
17467,True
17468,True
17469,True
17470,True
17471,True
17472,True
17473,True
17474,True
17475,True
17476,True
17477,True
17478,True
17479,True
17480,True
17481,True
17482,True
17483,True
17484,True
17485,True
17486,True
17487,True
17488,True
17489,True
17490,True
17491,True
17492,True
17493,True
17494,True
17495,True
17496,True
17497,True
17498,True
17499,True
17500,True
17501,True
17502,True
17503,True
17504,True
17505,True
17506,True
17507,True
17508,True
17509,True
17510,True
17511,True
17512,True
17513,True
17514,True
17515,True
17516,True
17517,True
17518,True
17519,True
17520,True
17521,True
17522,True
17523,True
17524,True
17525,True
17526,True
17527,True
17528,True
17529,True
17530,True
17531,True
17532,True
17533,True
17534,True
17535,True
17536,True
17537,True
17538,True
17539,True
17540,True
17541,True
17542,True
17543,True
17544,True
17545,True
17546,True
17547,True
17548,True
17549,True
17550,True
17551,True
17552,True
17553,True
17554,True
17555,True
17556,True
17557,True
17558,True
17559,True
17560,True
17561,True
17562,True
17563,True
17564,True
17565,True
17566,True
17567,True
17568,True
17569,True
17570,True
17571,True
17572,True
17573,True
17574,True
17575,True
17576,True
17577,True
17578,True
17579,True
17580,True
17581,True
17582,True
17583,True
17584,True
17585,True
17586,True
17587,True
17588,True
17589,True
17590,True
17591,True
17592,True
17593,True
17594,True
17595,True
17596,True
17597,True
17598,True
17599,True
17600,True
17601,True
17602,True
17603,True
17604,True
17605,True
17606,True
17607,True
17608,True
17609,True
17610,True
17611,True
17612,True
17613,True
17614,True
17615,True
17616,True
17617,True
17618,True
17619,True
17620,True
17621,True
17622,True
17623,True
17624,True
17625,True
17626,True
17627,True
17628,True
17629,True
17630,True
17631,True
17632,True
17633,True
17634,True
17635,True
17636,True
17637,True
17638,True
17639,True
17640,True
17641,True
17642,True
17643,True
17644,True
17645,True
17646,True
17647,True
17648,True
17649,True
17650,True
17651,True
17652,True
17653,True
17654,True
17655,True
17656,True
17657,True
17658,True
17659,True
17660,True
17661,True
17662,True
17663,True
17664,True
17665,True
17666,True
17667,True
17668,True
17669,True
17670,True
17671,True
17672,True
17673,True
17674,True
17675,True
17676,True
17677,True
17678,True
17679,True
17680,True
17681,True
17682,True
17683,True
17684,True
17685,True
17686,True
17687,True
17688,True
17689,True
17690,True
17691,True
17692,True
17693,True
17694,True
17695,True
17696,True
17697,True
17698,True
17699,True
17700,True
17701,True
17702,True
17703,True
17704,True
17705,True
17706,True
17707,True
17708,True
17709,True
17710,True
17711,True
17712,True
17713,True
17714,True
17715,True
17716,True
17717,True
17718,True
17719,True
17720,True
17721,True
17722,True
17723,True
17724,True
17725,True
17726,True
17727,True
17728,True
17729,True
17730,True
17731,True
17732,True
17733,True
17734,True
17735,True
17736,True
17737,True
17738,True
17739,True
17740,True
17741,True
17742,True
17743,True
17744,True
17745,True
17746,True
17747,True
17748,True
17749,True
17750,True
17751,True
17752,True
17753,True
17754,True
17755,True
17756,True
17757,True
17758,True
17759,True
17760,True
17761,True
17762,True
17763,True
17764,True
17765,True
17766,True
17767,True
17768,True
17769,True
17770,True
17771,True
17772,True
17773,True
17774,True
17775,True
17776,True
17777,True
17778,True
17779,True
17780,True
17781,True
17782,True
17783,True
17784,True
17785,True
17786,True
17787,True
17788,True
17789,True
17790,True
17791,True
17792,True
17793,True
17794,True
17795,True
17796,True
17797,True
17798,True
17799,True
17800,True
17801,True
17802,True
17803,True
17804,True
17805,True
17806,True
17807,True
17808,True
17809,True
17810,True
17811,True
17812,True
17813,True
17814,True
17815,True
17816,True
17817,True
17818,True
17819,True
17820,True
17821,True
17822,True
17823,True
17824,True
17825,True
17826,True
17827,True
17828,True
17829,True
17830,True
17831,True
17832,True
17833,True
17834,True
17835,True
17836,True
17837,True
17838,True
17839,True
17840,True
17841,True
17842,True
17843,True
17844,True
17845,True
17846,True
17847,True
17848,True
17849,True
17850,True
17851,True
17852,True
17853,True
17854,True
17855,True
17856,True
17857,True
17858,True
17859,True
17860,True
17861,True
17862,True
17863,True
17864,True
17865,True
17866,True
17867,True
17868,True
17869,True
17870,True
17871,True
17872,True
17873,True
17874,True
17875,True
17876,True
17877,True
17878,True
17879,True
17880,True
17881,True
17882,True
17883,True
17884,True
17885,True
17886,True
17887,True
17888,True
17889,True
17890,True
17891,True
17892,True
17893,True
17894,True
17895,True
17896,True
17897,True
17898,True
17899,True
17900,True
17901,True
17902,True
17903,True
17904,True
17905,True
17906,True
17907,True
17908,True
17909,True
17910,True
17911,True
17912,True
17913,True
17914,True
17915,True
17916,True
17917,True
17918,True
17919,True
17920,True
17921,True
17922,True
17923,True
17924,True
17925,True
17926,True
17927,True
17928,True
17929,True
17930,True
17931,True
17932,True
17933,True
17934,True
17935,True
17936,True
17937,True
17938,True
17939,True
17940,True
17941,True
17942,True
17943,True
17944,True
17945,True
17946,True
17947,True
17948,True
17949,True
17950,True
17951,True
17952,True
17953,True
17954,True
17955,True
17956,True
17957,True
17958,True
17959,True
17960,True
17961,True
17962,True
17963,True
17964,True
17965,True
17966,True
17967,True
17968,True
17969,True
17970,True
17971,True
17972,True
17973,True
17974,True
17975,True
17976,True
17977,True
17978,True
17979,True
17980,True
17981,True
17982,True
17983,True
17984,True
17985,True
17986,True
17987,True
17988,True
17989,True
17990,True
17991,True
17992,True
17993,True
17994,True
17995,True
17996,True
17997,True
17998,True
17999,True
18000,True
18001,True
18002,True
18003,True
18004,True
18005,True
18006,True
18007,True
18008,True
18009,True
18010,True
18011,True
18012,True
18013,True
18014,True
18015,True
18016,True
18017,True
18018,True
18019,True
18020,True
18021,True
18022,True
18023,True
18024,True
18025,True
18026,True
18027,True
18028,True
18029,True
18030,True
18031,True
18032,True
18033,True
18034,True
18035,True
18036,True
18037,True
18038,True
18039,True
18040,True
18041,True
18042,True
18043,True
18044,True
18045,True
18046,True
18047,True
18048,True
18049,True
18050,True
18051,True
18052,True
18053,True
18054,True
18055,True
18056,True
18057,True
18058,True
18059,True
18060,True
18061,True
18062,True
18063,True
18064,True
18065,True
18066,True
18067,True
18068,True
18069,True
18070,True
18071,True
18072,True
18073,True
18074,True
18075,True
18076,True
18077,True
18078,True
18079,True
18080,True
18081,True
18082,True
18083,True
18084,True
18085,True
18086,True
18087,True
18088,True
18089,True
18090,True
18091,True
18092,True
18093,True
18094,True
18095,True
18096,True
18097,True
18098,True
18099,True
18100,True
18101,True
18102,True
18103,True
18104,True
18105,True
18106,True
18107,True
18108,True
18109,True
18110,True
18111,True
18112,True
18113,True
18114,True
18115,True
18116,True
18117,True
18118,True
18119,True
18120,True
18121,True
18122,True
18123,True
18124,True
18125,True
18126,True
18127,True
18128,True
18129,True
18130,True
18131,True
18132,True
18133,True
18134,True
18135,True
18136,True
18137,True
18138,True
18139,True
18140,True
18141,True
18142,True
18143,True
18144,True
18145,True
18146,True
18147,True
18148,True
18149,True
18150,True
18151,True
18152,True
18153,True
18154,True
18155,True
18156,True
18157,True
18158,True
18159,True
18160,True
18161,True
18162,True
18163,True
18164,True
18165,True
18166,True
18167,True
18168,True
18169,True
18170,True
18171,True
18172,True
18173,True
18174,True
18175,True
18176,True
18177,True
18178,True
18179,True
18180,True
18181,True
18182,True
18183,True
18184,True
18185,True
18186,True
18187,True
18188,True
18189,True
18190,True
18191,True
18192,True
18193,True
18194,True
18195,True
18196,True
18197,True
18198,True
18199,True
18200,True
18201,True
18202,True
18203,True
18204,True
18205,True
18206,True
18207,True
18208,True
18209,True
18210,True
18211,True
18212,True
18213,True
18214,True
18215,True
18216,True
18217,True
18218,True
18219,True
18220,True
18221,True
18222,True
18223,True
18224,True
18225,True
18226,True
18227,True
18228,True
18229,True
18230,True
18231,True
18232,True
18233,True
18234,True
18235,True
18236,True
18237,True
18238,True
18239,True
18240,True
18241,True
18242,True
18243,True
18244,True
18245,True
18246,True
18247,True
18248,True
18249,True
18250,True
18251,True
18252,True
18253,True
18254,True
18255,True
18256,True
18257,True
18258,True
18259,True
18260,True
18261,True
18262,True
18263,True
18264,True
18265,True
18266,True
18267,True
18268,True
18269,True
18270,True
18271,True
18272,True
18273,True
18274,True
18275,True
18276,True
18277,True
18278,True
18279,True
18280,True
18281,True
18282,True
18283,True
18284,True
18285,True
18286,True
18287,True
18288,True
18289,True
18290,True
18291,True
18292,True
18293,True
18294,True
18295,True
18296,True
18297,True
18298,True
18299,True
18300,True
18301,True
18302,True
18303,True
18304,True
18305,True
18306,True
18307,True
18308,True
18309,True
18310,True
18311,True
18312,True
18313,True
18314,True
18315,True
18316,True
18317,True
18318,True
18319,True
18320,True
18321,True
18322,True
18323,True
18324,True
18325,True
18326,True
18327,True
18328,True
18329,True
18330,True
18331,True
18332,True
18333,True
18334,True
18335,True
18336,True
18337,True
18338,True
18339,True
18340,True
18341,True
18342,True
18343,True
18344,True
18345,True
18346,True
18347,True
18348,True
18349,True
18350,True
18351,True
18352,True
18353,True
18354,True
18355,True
18356,True
18357,True
18358,True
18359,True
18360,True
18361,True
18362,True
18363,True
18364,True
18365,True
18366,True
18367,True
18368,True
18369,True
18370,True
18371,True
18372,True
18373,True
18374,True
18375,True
18376,True
18377,True
18378,True
18379,True
18380,True
18381,True
18382,True
18383,True
18384,True
18385,True
18386,True
18387,True
18388,True
18389,True
18390,True
18391,True
18392,True
18393,True
18394,True
18395,True
18396,True
18397,True
18398,True
18399,True
18400,True
18401,True
18402,True
18403,True
18404,True
18405,True
18406,True
18407,True
18408,True
18409,True
18410,True
18411,True
18412,True
18413,True
18414,True
18415,True
18416,True
18417,True
18418,True
18419,True
18420,True
18421,True
18422,True
18423,True
18424,True
18425,True
18426,True
18427,True
18428,True
18429,True
18430,True
18431,True
18432,True
18433,True
18434,True
18435,True
18436,True
18437,True
18438,True
18439,True
18440,True
18441,True
18442,True
18443,True
18444,True
18445,True
18446,True
18447,True
18448,True
18449,True
18450,True
18451,True
18452,True
18453,True
18454,True
18455,True
18456,True
18457,True
18458,True
18459,True
18460,True
18461,True
18462,True
18463,True
18464,True
18465,True
18466,True
18467,True
18468,True
18469,True
18470,True
18471,True
18472,True
18473,True
18474,True
18475,True
18476,True
18477,True
18478,True
18479,True
18480,True
18481,True
18482,True
18483,True
18484,True
18485,True
18486,True
18487,True
18488,True
18489,True
18490,True
18491,True
18492,True
18493,True
18494,True
18495,True
18496,True
18497,True
18498,True
18499,True
18500,True
18501,True
18502,True
18503,True
18504,True
18505,True
18506,True
18507,True
18508,True
18509,True
18510,True
18511,True
18512,True
18513,True
18514,True
18515,True
18516,True
18517,True
18518,True
18519,True
18520,True
18521,True
18522,True
18523,True
18524,True
18525,True
18526,True
18527,True
18528,True
18529,True
18530,True
18531,True
18532,True
18533,True
18534,True
18535,True
18536,True
18537,True
18538,True
18539,True
18540,True
18541,True
18542,True
18543,True
18544,True
18545,True
18546,True
18547,True
18548,True
18549,True
18550,True
18551,True
18552,True
18553,True
18554,True
18555,True
18556,True
18557,True
18558,True
18559,True
18560,True
18561,True
18562,True
18563,True
18564,True
18565,True
18566,True
18567,True
18568,True
18569,True
18570,True
18571,True
18572,True
18573,True
18574,True
18575,True
18576,True
18577,True
18578,True
18579,True
18580,True
18581,True
18582,True
18583,True
18584,True
18585,True
18586,True
18587,True
18588,True
18589,True
18590,True
18591,True
18592,True
18593,True
18594,True
18595,True
18596,True
18597,True
18598,True
18599,True
18600,True
18601,True
18602,True
18603,True
18604,True
18605,True
18606,True
18607,True
18608,True
18609,True
18610,True
18611,True
18612,True
18613,True
18614,True
18615,True
18616,True
18617,True
18618,True
18619,True
18620,True
18621,True
18622,True
18623,True
18624,True
18625,True
18626,True
18627,True
18628,True
18629,True
18630,True
18631,True
18632,True
18633,True
18634,True
18635,True
18636,True
18637,True
18638,True
18639,True
18640,True
18641,True
18642,True
18643,True
18644,True
18645,True
18646,True
18647,True
18648,True
18649,True
18650,True
18651,True
18652,True
18653,True
18654,True
18655,True
18656,True
18657,True
18658,True
18659,True
18660,True
18661,True
18662,True
18663,True
18664,True
18665,True
18666,True
18667,True
18668,True
18669,True
18670,True
18671,True
18672,True
18673,True
18674,True
18675,True
18676,True
18677,True
18678,True
18679,True
18680,True
18681,True
18682,True
18683,True
18684,True
18685,True
18686,True
18687,True
18688,True
18689,True
18690,True
18691,True
18692,True
18693,True
18694,True
18695,True
18696,True
18697,True
18698,True
18699,True
18700,True
18701,True
18702,True
18703,True
18704,True
18705,True
18706,True
18707,True
18708,True
18709,True
18710,True
18711,True
18712,True
18713,True
18714,True
18715,True
18716,True
18717,True
18718,True
18719,True
18720,True
18721,True
18722,True
18723,True
18724,True
18725,True
18726,True
18727,True
18728,True
18729,True
18730,True
18731,True
18732,True
18733,True
18734,True
18735,True
18736,True
18737,True
18738,True
18739,True
18740,True
18741,True
18742,True
18743,True
18744,True
18745,True
18746,True
18747,True
18748,True
18749,True
18750,True
18751,True
18752,True
18753,True
18754,True
18755,True
18756,True
18757,True
18758,True
18759,True
18760,True
18761,True
18762,True
18763,True
18764,True
18765,True
18766,True
18767,True
18768,True
18769,True
18770,True
18771,True
18772,True
18773,True
18774,True
18775,True
18776,True
18777,True
18778,True
18779,True
18780,True
18781,True
18782,True
18783,True
18784,True
18785,True
18786,True
18787,True
18788,True
18789,True
18790,True
18791,True
18792,True
18793,True
18794,True
18795,True
18796,True
18797,True
18798,True
18799,True
18800,True
18801,True
18802,True
18803,True
18804,True
18805,True
18806,True
18807,True
18808,True
18809,True
18810,True
18811,True
18812,True
18813,True
18814,True
18815,True
18816,True
18817,True
18818,True
18819,True
18820,True
18821,True
18822,True
18823,True
18824,True
18825,True
18826,True
18827,True
18828,True
18829,True
18830,True
18831,True
18832,True
18833,True
18834,True
18835,True
18836,True
18837,True
18838,True
18839,True
18840,True
18841,True
18842,True
18843,True
18844,True
18845,True
18846,True
18847,True
18848,True
18849,True
18850,True
18851,True
18852,True
18853,True
18854,True
18855,True
18856,True
18857,True
18858,True
18859,True
18860,True
18861,True
18862,True
18863,True
18864,True
18865,True
18866,True
18867,True
18868,True
18869,True
18870,True
18871,True
18872,True
18873,True
18874,True
18875,True
18876,True
18877,True
18878,True
18879,True
18880,True
18881,True
18882,True
18883,True
18884,True
18885,True
18886,True
18887,True
18888,True
18889,True
18890,True
18891,True
18892,True
18893,True
18894,True
18895,True
18896,True
18897,True
18898,True
18899,True
18900,True
18901,True
18902,True
18903,True
18904,True
18905,True
18906,True
18907,True
18908,True
18909,True
18910,True
18911,True
18912,True
18913,True
18914,True
18915,True
18916,True
18917,True
18918,True
18919,True
18920,True
18921,True
18922,True
18923,True
18924,True
18925,True
18926,True
18927,True
18928,True
18929,True
18930,True
18931,True
18932,True
18933,True
18934,True
18935,True
18936,True
18937,True
18938,True
18939,True
18940,True
18941,True
18942,True
18943,True
18944,True
18945,True
18946,True
18947,True
18948,True
18949,True
18950,True
18951,True
18952,True
18953,True
18954,True
18955,True
18956,True
18957,True
18958,True
18959,True
18960,True
18961,True
18962,True
18963,True
18964,True
18965,True
18966,True
18967,True
18968,True
18969,True
18970,True
18971,True
18972,True
18973,True
18974,True
18975,True
18976,True
18977,True
18978,True
18979,True
18980,True
18981,True
18982,True
18983,True
18984,True
18985,True
18986,True
18987,True
18988,True
18989,True
18990,True
18991,True
18992,True
18993,True
18994,True
18995,True
18996,True
18997,True
18998,True
18999,True
19000,True
19001,True
19002,True
19003,True
19004,True
19005,True
19006,True
19007,True
19008,True
19009,True
19010,True
19011,True
19012,True
19013,True
19014,True
19015,True
19016,True
19017,True
19018,True
19019,True
19020,True
19021,True
19022,True
19023,True
19024,True
19025,True
19026,True
19027,True
19028,True
19029,True
19030,True
19031,True
19032,True
19033,True
19034,True
19035,True
19036,True
19037,True
19038,True
19039,True
19040,True
19041,True
19042,True
19043,True
19044,True
19045,True
19046,True
19047,True
19048,True
19049,True
19050,True
19051,True
19052,True
19053,True
19054,True
19055,True
19056,True
19057,True
19058,True
19059,True
19060,True
19061,True
19062,True
19063,True
19064,True
19065,True
19066,True
19067,True
19068,True
19069,True
19070,True
19071,True
19072,True
19073,True
19074,True
19075,True
19076,True
19077,True
19078,True
19079,True
19080,True
19081,True
19082,True
19083,True
19084,True
19085,True
19086,True
19087,True
19088,True
19089,True
19090,True
19091,True
19092,True
19093,True
19094,True
19095,True
19096,True
19097,True
19098,True
19099,True
19100,True
19101,True
19102,True
19103,True
19104,True
19105,True
19106,True
19107,True
19108,True
19109,True
19110,True
19111,True
19112,True
19113,True
19114,True
19115,True
19116,True
19117,True
19118,True
19119,True
19120,True
19121,True
19122,True
19123,True
19124,True
19125,True
19126,True
19127,True
19128,True
19129,True
19130,True
19131,True
19132,True
19133,True
19134,True
19135,True
19136,True
19137,True
19138,True
19139,True
19140,True
19141,True
19142,True
19143,True
19144,True
19145,True
19146,True
19147,True
19148,True
19149,True
19150,True
19151,True
19152,True
19153,True
19154,True
19155,True
19156,True
19157,True
19158,True
19159,True
19160,True
19161,True
19162,True
19163,True
19164,True
19165,True
19166,True
19167,True
19168,True
19169,True
19170,True
19171,True
19172,True
19173,True
19174,True
19175,True
19176,True
19177,True
19178,True
19179,True
19180,True
19181,True
19182,True
19183,True
19184,True
19185,True
19186,True
19187,True
19188,True
19189,True
19190,True
19191,True
19192,True
19193,True
19194,True
19195,True
19196,True
19197,True
19198,True
19199,True
19200,True
19201,True
19202,True
19203,True
19204,True
19205,True
19206,True
19207,True
19208,True
19209,True
19210,True
19211,True
19212,True
19213,True
19214,True
19215,True
19216,True
19217,True
19218,True
19219,True
19220,True
19221,True
19222,True
19223,True
19224,True
19225,True
19226,True
19227,True
19228,True
19229,True
19230,True
19231,True
19232,True
19233,True
19234,True
19235,True
19236,True
19237,True
19238,True
19239,True
19240,True
19241,True
19242,True
19243,True
19244,True
19245,True
19246,True
19247,True
19248,True
19249,True
19250,True
19251,True
19252,True
19253,True
19254,True
19255,True
19256,True
19257,True
19258,True
19259,True
19260,True
19261,True
19262,True
19263,True
19264,True
19265,True
19266,True
19267,True
19268,True
19269,True
19270,True
19271,True
19272,True
19273,True
19274,True
19275,True
19276,True
19277,True
19278,True
19279,True
19280,True
19281,True
19282,True
19283,True
19284,True
19285,True
19286,True
19287,True
19288,True
19289,True
19290,True
19291,True
19292,True
19293,True
19294,True
19295,True
19296,True
19297,True
19298,True
19299,True
19300,True
19301,True
19302,True
19303,True
19304,True
19305,True
19306,True
19307,True
19308,True
19309,True
19310,True
19311,True
19312,True
19313,True
19314,True
19315,True
19316,True
19317,True
19318,True
19319,True
19320,True
19321,True
19322,True
19323,True
19324,True
19325,True
19326,True
19327,True
19328,True
19329,True
19330,True
19331,True
19332,True
19333,True
19334,True
19335,True
19336,True
19337,True
19338,True
19339,True
19340,True
19341,True
19342,True
19343,True
19344,True
19345,True
19346,True
19347,True
19348,True
19349,True
19350,True
19351,True
19352,True
19353,True
19354,True
19355,True
19356,True
19357,True
19358,True
19359,True
19360,True
19361,True
19362,True
19363,True
19364,True
19365,True
19366,True
19367,True
19368,True
19369,True
19370,True
19371,True
19372,True
19373,True
19374,True
19375,True
19376,True
19377,True
19378,True
19379,True
19380,True
19381,True
19382,True
19383,True
19384,True
19385,True
19386,True
19387,True
19388,True
19389,True
19390,True
19391,True
19392,True
19393,True
19394,True
19395,True
19396,True
19397,True
19398,True
19399,True
19400,True
19401,True
19402,True
19403,True
19404,True
19405,True
19406,True
19407,True
19408,True
19409,True
19410,True
19411,True
19412,True
19413,True
19414,True
19415,True
19416,True
19417,True
19418,True
19419,True
19420,True
19421,True
19422,True
19423,True
19424,True
19425,True
19426,True
19427,True
19428,True
19429,True
19430,True
19431,True
19432,True
19433,True
19434,True
19435,True
19436,True
19437,True
19438,True
19439,True
19440,True
19441,True
19442,True
19443,True
19444,True
19445,True
19446,True
19447,True
19448,True
19449,True
19450,True
19451,True
19452,True
19453,True
19454,True
19455,True
19456,True
19457,True
19458,True
19459,True
19460,True
19461,True
19462,True
19463,True
19464,True
19465,True
19466,True
19467,True
19468,True
19469,True
19470,True
19471,True
19472,True
19473,True
19474,True
19475,True
19476,True
19477,True
19478,True
19479,True
19480,True
19481,True
19482,True
19483,True
19484,True
19485,True
19486,True
19487,True
19488,True
19489,True
19490,True
19491,True
19492,True
19493,True
19494,True
19495,True
19496,True
19497,True
19498,True
19499,True
19500,True
19501,True
19502,True
19503,True
19504,True
19505,True
19506,True
19507,True
19508,True
19509,True
19510,True
19511,True
19512,True
19513,True
19514,True
19515,True
19516,True
19517,True
19518,True
19519,True
19520,True
19521,True
19522,True
19523,True
19524,True
19525,True
19526,True
19527,True
19528,True
19529,True
19530,True
19531,True
19532,True
19533,True
19534,True
19535,True
19536,True
19537,True
19538,True
19539,True
19540,True
19541,True
19542,True
19543,True
19544,True
19545,True
19546,True
19547,True
19548,True
19549,True
19550,True
19551,True
19552,True
19553,True
19554,True
19555,True
19556,True
19557,True
19558,True
19559,True
19560,True
19561,True
19562,True
19563,True
19564,True
19565,True
19566,True
19567,True
19568,True
19569,True
19570,True
19571,True
19572,True
19573,True
19574,True
19575,True
19576,True
19577,True
19578,True
19579,True
19580,True
19581,True
19582,True
19583,True
19584,True
19585,True
19586,True
19587,True
19588,True
19589,True
19590,True
19591,True
19592,True
19593,True
19594,True
19595,True
19596,True
19597,True
19598,True
19599,True
19600,True
19601,True
19602,True
19603,True
19604,True
19605,True
19606,True
19607,True
19608,True
19609,True
19610,True
19611,True
19612,True
19613,True
19614,True
19615,True
19616,True
19617,True
19618,True
19619,True
19620,True
19621,True
19622,True
19623,True
19624,True
19625,True
19626,True
19627,True
19628,True
19629,True
19630,True
19631,True
19632,True
19633,True
19634,True
19635,True
19636,True
19637,True
19638,True
19639,True
19640,True
19641,True
19642,True
19643,True
19644,True
19645,True
19646,True
19647,True
19648,True
19649,True
19650,True
19651,True
19652,True
19653,True
19654,True
19655,True
19656,True
19657,True
19658,True
19659,True
19660,True
19661,True
19662,True
19663,True
19664,True
19665,True
19666,True
19667,True
19668,True
19669,True
19670,True
19671,True
19672,True
19673,True
19674,True
19675,True
19676,True
19677,True
19678,True
19679,True
19680,True
19681,True
19682,True
19683,True
19684,True
19685,True
19686,True
19687,True
19688,True
19689,True
19690,True
19691,True
19692,True
19693,True
19694,True
19695,True
19696,True
19697,True
19698,True
19699,True
19700,True
19701,True
19702,True
19703,True
19704,True
19705,True
19706,True
19707,True
19708,True
19709,True
19710,True
19711,True
19712,True
19713,True
19714,True
19715,True
19716,True
19717,True
19718,True
19719,True
19720,True
19721,True
19722,True
19723,True
19724,True
19725,True
19726,True
19727,True
19728,True
19729,True
19730,True
19731,True
19732,True
19733,True
19734,True
19735,True
19736,True
19737,True
19738,True
19739,True
19740,True
19741,True
19742,True
19743,True
19744,True
19745,True
19746,True
19747,True
19748,True
19749,True
19750,True
19751,True
19752,True
19753,True
19754,True
19755,True
19756,True
19757,True
19758,True
19759,True
19760,True
19761,True
19762,True
19763,True
19764,True
19765,True
19766,True
19767,True
19768,True
19769,True
19770,True
19771,True
19772,True
19773,True
19774,True
19775,True
19776,True
19777,True
19778,True
19779,True
19780,True
19781,True
19782,True
19783,True
19784,True
19785,True
19786,True
19787,True
19788,True
19789,True
19790,True
19791,True
19792,True
19793,True
19794,True
19795,True
19796,True
19797,True
19798,True
19799,True
19800,True
19801,True
19802,True
19803,True
19804,True
19805,True
19806,True
19807,True
19808,True
19809,True
19810,True
19811,True
19812,True
19813,True
19814,True
19815,True
19816,True
19817,True
19818,True
19819,True
19820,True
19821,True
19822,True
19823,True
19824,True
19825,True
19826,True
19827,True
19828,True
19829,True
19830,True
19831,True
19832,True
19833,True
19834,True
19835,True
19836,True
19837,True
19838,True
19839,True
19840,True
19841,True
19842,True
19843,True
19844,True
19845,True
19846,True
19847,True
19848,True
19849,True
19850,True
19851,True
19852,True
19853,True
19854,True
19855,True
19856,True
19857,True
19858,True
19859,True
19860,True
19861,True
19862,True
19863,True
19864,True
19865,True
19866,True
19867,True
19868,True
19869,True
19870,True
19871,True
19872,True
19873,True
19874,True
19875,True
19876,True
19877,True
19878,True
19879,True
19880,True
19881,True
19882,True
19883,True
19884,True
19885,True
19886,True
19887,True
19888,True
19889,True
19890,True
19891,True
19892,True
19893,True
19894,True
19895,True
19896,True
19897,True
19898,True
19899,True
19900,True
19901,True
19902,True
19903,True
19904,True
19905,True
19906,True
19907,True
19908,True
19909,True
19910,True
19911,True
19912,True
19913,True
19914,True
19915,True
19916,True
19917,True
19918,True
19919,True
19920,True
19921,True
19922,True
19923,True
19924,True
19925,True
19926,True
19927,True
19928,True
19929,True
19930,True
19931,True
19932,True
19933,True
19934,True
19935,True
19936,True
19937,True
19938,True
19939,True
19940,True
19941,True
19942,True
19943,True
19944,True
19945,True
19946,True
19947,True
19948,True
19949,True
19950,True
19951,True
19952,True
19953,True
19954,True
19955,True
19956,True
19957,True
19958,True
19959,True
19960,True
19961,True
19962,True
19963,True
19964,True
19965,True
19966,True
19967,True
19968,True
19969,True
19970,True
19971,True
19972,True
19973,True
19974,True
19975,True
19976,True
19977,True
19978,True
19979,True
19980,True
19981,True
19982,True
19983,True
19984,True
19985,True
19986,True
19987,True
19988,True
19989,True
19990,True
19991,True
19992,True
19993,True
19994,True
19995,True
19996,True
19997,True
19998,True
19999,True
20000,True
20001,True
20002,True
20003,True
20004,True
20005,True
20006,True
20007,True
20008,True
20009,True
20010,True
20011,True
20012,True
20013,True
20014,True
20015,True
20016,True
20017,True
20018,True
20019,True
20020,True
20021,True
20022,True
20023,True
20024,True
20025,True
20026,True
20027,True
20028,True
20029,True
20030,True
20031,True
20032,True
20033,True
20034,True
20035,True
20036,True
20037,True
20038,True
20039,True
20040,True
20041,True
20042,True
20043,True
20044,True
20045,True
20046,True
20047,True
20048,True
20049,True
20050,True
20051,True
20052,True
20053,True
20054,True
20055,True
20056,True
20057,True
20058,True
20059,True
20060,True
20061,True
20062,True
20063,True
20064,True
20065,True
20066,True
20067,True
20068,True
20069,True
20070,True
20071,True
20072,True
20073,True
20074,True
20075,True
20076,True
20077,True
20078,True
20079,True
20080,True
20081,True
20082,True
20083,True
20084,True
20085,True
20086,True
20087,True
20088,True
20089,True
20090,True
20091,True
20092,True
20093,True
20094,True
20095,True
20096,True
20097,True
20098,True
20099,True
20100,True
20101,True
20102,True
20103,True
20104,True
20105,True
20106,True
20107,True
20108,True
20109,True
20110,True
20111,True
20112,True
20113,True
20114,True
20115,True
20116,True
20117,True
20118,True
20119,True
20120,True
20121,True
20122,True
20123,True
20124,True
20125,True
20126,True
20127,True
20128,True
20129,True
20130,True
20131,True
20132,True
20133,True
20134,True
20135,True
20136,True
20137,True
20138,True
20139,True
20140,True
20141,True
20142,True
20143,True
20144,True
20145,True
20146,True
20147,True
20148,True
20149,True
20150,True
20151,True
20152,True
20153,True
20154,True
20155,True
20156,True
20157,True
20158,True
20159,True
20160,True
20161,True
20162,True
20163,True
20164,True
20165,True
20166,True
20167,True
20168,True
20169,True
20170,True
20171,True
20172,True
20173,True
20174,True
20175,True
20176,True
20177,True
20178,True
20179,True
20180,True
20181,True
20182,True
20183,True
20184,True
20185,True
20186,True
20187,True
20188,True
20189,True
20190,True
20191,True
20192,True
20193,True
20194,True
20195,True
20196,True
20197,True
20198,True
20199,True
20200,True
20201,True
20202,True
20203,True
20204,True
20205,True
20206,True
20207,True
20208,True
20209,True
20210,True
20211,True
20212,True
20213,True
20214,True
20215,True
20216,True
20217,True
20218,True
20219,True
20220,True
20221,True
20222,True
20223,True
20224,True
20225,True
20226,True
20227,True
20228,True
20229,True
20230,True
20231,True
20232,True
20233,True
20234,True
20235,True
20236,True
20237,True
20238,True
20239,True
20240,True
20241,True
20242,True
20243,True
20244,True
20245,True
20246,True
20247,True
20248,True
20249,True
20250,True
20251,True
20252,True
20253,True
20254,True
20255,True
20256,True
20257,True
20258,True
20259,True
20260,True
20261,True
20262,True
20263,True
20264,True
20265,True
20266,True
20267,True
20268,True
20269,True
20270,True
20271,True
20272,True
20273,True
20274,True
20275,True
20276,True
20277,True
20278,True
20279,True
20280,True
20281,True
20282,True
20283,True
20284,True
20285,True
20286,True
20287,True
20288,True
20289,True
20290,True
20291,True
20292,True
20293,True
20294,True
20295,True
20296,True
20297,True
20298,True
20299,True
20300,True
20301,True
20302,True
20303,True
20304,True
20305,True
20306,True
20307,True
20308,True
20309,True
20310,True
20311,True
20312,True
20313,True
20314,True
20315,True
20316,True
20317,True
20318,True
20319,True
20320,True
20321,True
20322,True
20323,True
20324,True
20325,True
20326,True
20327,True
20328,True
20329,True
20330,True
20331,True
20332,True
20333,True
20334,True
20335,True
20336,True
20337,True
20338,True
20339,True
20340,True
20341,True
20342,True
20343,True
20344,True
20345,True
20346,True
20347,True
20348,True
20349,True
20350,True
20351,True
20352,True
20353,True
20354,True
20355,True
20356,True
20357,True
20358,True
20359,True
20360,True
20361,True
20362,True
20363,True
20364,True
20365,True
20366,True
20367,True
20368,True
20369,True
20370,True
20371,True
20372,True
20373,True
20374,True
20375,True
20376,True
20377,True
20378,True
20379,True
20380,True
20381,True
20382,True
20383,True
20384,True
20385,True
20386,True
20387,True
20388,True
20389,True
20390,True
20391,True
20392,True
20393,True
20394,True
20395,True
20396,True
20397,True
20398,True
20399,True
20400,True
20401,True
20402,True
20403,True
20404,True
20405,True
20406,True
20407,True
20408,True
20409,True
20410,True
20411,True
20412,True
20413,True
20414,True
20415,True
20416,True
20417,True
20418,True
20419,True
20420,True
20421,True
20422,True
20423,True
20424,True
20425,True
20426,True
20427,True
20428,True
20429,True
20430,True
20431,True
20432,True
20433,True
20434,True
20435,True
20436,True
20437,True
20438,True
20439,True
20440,True
20441,True
20442,True
20443,True
20444,True
20445,True
20446,True
20447,True
20448,True
20449,True
20450,True
20451,True
20452,True
20453,True
20454,True
20455,True
20456,True
20457,True
20458,True
20459,True
20460,True
20461,True
20462,True
20463,True
20464,True
20465,True
20466,True
20467,True
20468,True
20469,True
20470,True
20471,True
20472,True
20473,True
20474,True
20475,True
20476,True
20477,True
20478,True
20479,True
20480,True
20481,True
20482,True
20483,True
20484,True
20485,True
20486,True
20487,True
20488,True
20489,True
20490,True
20491,True
20492,True
20493,True
20494,True
20495,True
20496,True
20497,True
20498,True
20499,True
20500,True
20501,True
20502,True
20503,True
20504,True
20505,True
20506,True
20507,True
20508,True
20509,True
20510,True
20511,True
20512,True
20513,True
20514,True
20515,True
20516,True
20517,True
20518,True
20519,True
20520,True
20521,True
20522,True
20523,True
20524,True
20525,True
20526,True
20527,True
20528,True
20529,True
20530,True
20531,True
20532,True
20533,True
20534,True
20535,True
20536,True
20537,True
20538,True
20539,True
20540,True
20541,True
20542,True
20543,True
20544,True
20545,True
20546,True
20547,True
20548,True
20549,True
20550,True
20551,True
20552,True
20553,True
20554,True
20555,True
20556,True
20557,True
20558,True
20559,True
20560,True
20561,True
20562,True
20563,True
20564,True
20565,True
20566,True
20567,True
20568,True
20569,True
20570,True
20571,True
20572,True
20573,True
20574,True
20575,True
20576,True
20577,True
20578,True
20579,True
20580,True
20581,True
20582,True
20583,True
20584,True
20585,True
20586,True
20587,True
20588,True
20589,True
20590,True
20591,True
20592,True
20593,True
20594,True
20595,True
20596,True
20597,True
20598,True
20599,True
20600,True
20601,True
20602,True
20603,True
20604,True
20605,True
20606,True
20607,True
20608,True
20609,True
20610,True
20611,True
20612,True
20613,True
20614,True
20615,True
20616,True
20617,True
20618,True
20619,True
20620,True
20621,True
20622,True
20623,True
20624,True
20625,True
20626,True
20627,True
20628,True
20629,True
20630,True
20631,True
20632,True
20633,True
20634,True
20635,True
20636,True
20637,True
20638,True
20639,True
20640,True
20641,True
20642,True
20643,True
20644,True
20645,True
20646,True
20647,True
20648,True
20649,True
20650,True
20651,True
20652,True
20653,True
20654,True
20655,True
20656,True
20657,True
20658,True
20659,True
20660,True
20661,True
20662,True
20663,True
20664,True
20665,True
20666,True
20667,True
20668,True
20669,True
20670,True
20671,True
20672,True
20673,True
20674,True
20675,True
20676,True
20677,True
20678,True
20679,True
20680,True
20681,True
20682,True
20683,True
20684,True
20685,True
20686,True
20687,True
20688,True
20689,True
20690,True
20691,True
20692,True
20693,True
20694,True
20695,True
20696,True
20697,True
20698,True
20699,True
20700,True
20701,True
20702,True
20703,True
20704,True
20705,True
20706,True
20707,True
20708,True
20709,True
20710,True
20711,True
20712,True
20713,True
20714,True
20715,True
20716,True
20717,True
20718,True
20719,True
20720,True
20721,True
20722,True
20723,True
20724,True
20725,True
20726,True
20727,True
20728,True
20729,True
20730,True
20731,True
20732,True
20733,True
20734,True
20735,True
20736,True
20737,True
20738,True
20739,True
20740,True
20741,True
20742,True
20743,True
20744,True
20745,True
20746,True
20747,True
20748,True
20749,True
20750,True
20751,True
20752,True
20753,True
20754,True
20755,True
20756,True
20757,True
20758,True
20759,True
20760,True
20761,True
20762,True
20763,True
20764,True
20765,True
20766,True
20767,True
20768,True
20769,True
20770,True
20771,True
20772,True
20773,True
20774,True
20775,True
20776,True
20777,True
20778,True
20779,True
20780,True
20781,True
20782,True
20783,True
20784,True
20785,True
20786,True
20787,True
20788,True
20789,True
20790,True
20791,True
20792,True
20793,True
20794,True
20795,True
20796,True
20797,True
20798,True
20799,True
20800,True
20801,True
20802,True
20803,True
20804,True
20805,True
20806,True
20807,True
20808,True
20809,True
20810,True
20811,True
20812,True
20813,True
20814,True
20815,True
20816,True
20817,True
20818,True
20819,True
20820,True
20821,True
20822,True
20823,True
20824,True
20825,True
20826,True
20827,True
20828,True
20829,True
20830,True
20831,True
20832,True
20833,True
20834,True
20835,True
20836,True
20837,True
20838,True
20839,True
20840,True
20841,True
20842,True
20843,True
20844,True
20845,True
20846,True
20847,True
20848,True
20849,True
20850,True
20851,True
20852,True
20853,True
20854,True
20855,True
20856,True
20857,True
20858,True
20859,True
20860,True
20861,True
20862,True
20863,True
20864,True
20865,True
20866,True
20867,True
20868,True
20869,True
20870,True
20871,True
20872,True
20873,True
20874,True
20875,True
20876,True
20877,True
20878,True
20879,True
20880,True
20881,True
20882,True
20883,True
20884,True
20885,True
20886,True
20887,True
20888,True
20889,True
20890,True
20891,True
20892,True
20893,True
20894,True
20895,True
20896,True
20897,True
20898,True
20899,True
20900,True
20901,True
20902,True
20903,True
20904,True
20905,True
20906,True
20907,True
20908,True
20909,True
20910,True
20911,True
20912,True
20913,True
20914,True
20915,True
20916,True
20917,True
20918,True
20919,True
20920,True
20921,True
20922,True
20923,True
20924,True
20925,True
20926,True
20927,True
20928,True
20929,True
20930,True
20931,True
20932,True
20933,True
20934,True
20935,True
20936,True
20937,True
20938,True
20939,True
20940,True
20941,True
20942,True
20943,True
20944,True
20945,True
20946,True
20947,True
20948,True
20949,True
20950,True
20951,True
20952,True
20953,True
20954,True
20955,True
20956,True
20957,True
20958,True
20959,True
20960,True
20961,True
20962,True
20963,True
20964,True
20965,True
20966,True
20967,True
20968,True
20969,True
20970,True
20971,True
20972,True
20973,True
20974,True
20975,True
20976,True
20977,True
20978,True
20979,True
20980,True
20981,True
20982,True
20983,True
20984,True
20985,True
20986,True
20987,True
20988,True
20989,True
20990,True
20991,True
20992,True
20993,True
20994,True
20995,True
20996,True
20997,True
20998,True
20999,True
21000,True
21001,True
21002,True
21003,True
21004,True
21005,True
21006,True
21007,True
21008,True
21009,True
21010,True
21011,True
21012,True
21013,True
21014,True
21015,True
21016,True
21017,True
21018,True
21019,True
21020,True
21021,True
21022,True
21023,True
21024,True
21025,True
21026,True
21027,True
21028,True
21029,True
21030,True
21031,True
21032,True
21033,True
21034,True
21035,True
21036,True
21037,True
21038,True
21039,True
21040,True
21041,True
21042,True
21043,True
21044,True
21045,True
21046,True
21047,True
21048,True
21049,True
21050,True
21051,True
21052,True
21053,True
21054,True
21055,True
21056,True
21057,True
21058,True
21059,True
21060,True
21061,True
21062,True
21063,True
21064,True
21065,True
21066,True
21067,True
21068,True
21069,True
21070,True
21071,True
21072,True
21073,True
21074,True
21075,True
21076,True
21077,True
21078,True
21079,True
21080,True
21081,True
21082,True
21083,True
21084,True
21085,True
21086,True
21087,True
21088,True
21089,True
21090,True
21091,True
21092,True
21093,True
21094,True
21095,True
21096,True
21097,True
21098,True
21099,True
21100,True
21101,True
21102,True
21103,True
21104,True
21105,True
21106,True
21107,True
21108,True
21109,True
21110,True
21111,True
21112,True
21113,True
21114,True
21115,True
21116,True
21117,True
21118,True
21119,True
21120,True
21121,True
21122,True
21123,True
21124,True
21125,True
21126,True
21127,True
21128,True
21129,True
21130,True
21131,True
21132,True
21133,True
21134,True
21135,True
21136,True
21137,True
21138,True
21139,True
21140,True
21141,True
21142,True
21143,True
21144,True
21145,True
21146,True
21147,True
21148,True
21149,True
21150,True
21151,True
21152,True
21153,True
21154,True
21155,True
21156,True
21157,True
21158,True
21159,True
21160,True
21161,True
21162,True
21163,True
21164,True
21165,True
21166,True
21167,True
21168,True
21169,True
21170,True
21171,True
21172,True
21173,True
21174,True
21175,True
21176,True
21177,True
21178,True
21179,True
21180,True
21181,True
21182,True
21183,True
21184,True
21185,True
21186,True
21187,True
21188,True
21189,True
21190,True
21191,True
21192,True
21193,True
21194,True
21195,True
21196,True
21197,True
21198,True
21199,True
21200,True
21201,True
21202,True
21203,True
21204,True
21205,True
21206,True
21207,True
21208,True
21209,True
21210,True
21211,True
21212,True
21213,True
21214,True
21215,True
21216,True
21217,True
21218,True
21219,True
21220,True
21221,True
21222,True
21223,True
21224,True
21225,True
21226,True
21227,True
21228,True
21229,True
21230,True
21231,True
21232,True
21233,True
21234,True
21235,True
21236,True
21237,True
21238,True
21239,True
21240,True
21241,True
21242,True
21243,True
21244,True
21245,True
21246,True
21247,True
21248,True
21249,True
21250,True
21251,True
21252,True
21253,True
21254,True
21255,True
21256,True
21257,True
21258,True
21259,True
21260,True
21261,True
21262,True
21263,True
21264,True
21265,True
21266,True
21267,True
21268,True
21269,True
21270,True
21271,True
21272,True
21273,True
21274,True
21275,True
21276,True
21277,True
21278,True
21279,True
21280,True
21281,True
21282,True
21283,True
21284,True
21285,True
21286,True
21287,True
21288,True
21289,True
21290,True
21291,True
21292,True
21293,True
21294,True
21295,True
21296,True
21297,True
21298,True
21299,True
21300,True
21301,True
21302,True
21303,True
21304,True
21305,True
21306,True
21307,True
21308,True
21309,True
21310,True
21311,True
21312,True
21313,True
21314,True
21315,True
21316,True
21317,True
21318,True
21319,True
21320,True
21321,True
21322,True
21323,True
21324,True
21325,True
21326,True
21327,True
21328,True
21329,True
21330,True
21331,True
21332,True
21333,True
21334,True
21335,True
21336,True
21337,True
21338,True
21339,True
21340,True
21341,True
21342,True
21343,True
21344,True
21345,True
21346,True
21347,True
21348,True
21349,True
21350,True
21351,True
21352,True
21353,True
21354,True
21355,True
21356,True
21357,True
21358,True
21359,True
21360,True
21361,True
21362,True
21363,True
21364,True
21365,True
21366,True
21367,True
21368,True
21369,True
21370,True
21371,True
21372,True
21373,True
21374,True
21375,True
21376,True
21377,True
21378,True
21379,True
21380,True
21381,True
21382,True
21383,True
21384,True
21385,True
21386,True
21387,True
21388,True
21389,True
21390,True
21391,True
21392,True
21393,True
21394,True
21395,True
21396,True
21397,True
21398,True
21399,True
21400,True
21401,True
21402,True
21403,True
21404,True
21405,True
21406,True
21407,True
21408,True
21409,True
21410,True
21411,True
21412,True
21413,True
21414,True
21415,True
21416,True
21417,True
21418,True
21419,True
21420,True
21421,True
21422,True
21423,True
21424,True
21425,True
21426,True
21427,True
21428,True
21429,True
21430,True
21431,True
21432,True
21433,True
21434,True
21435,True
21436,True
21437,True
21438,True
21439,True
21440,True
21441,True
21442,True
21443,True
21444,True
21445,True
21446,True
21447,True
21448,True
21449,True
21450,True
21451,True
21452,True
21453,True
21454,True
21455,True
21456,True
21457,True
21458,True
21459,True
21460,True
21461,True
21462,True
21463,True
21464,True
21465,True
21466,True
21467,True
21468,True
21469,True
21470,True
21471,True
21472,True
21473,True
21474,True
21475,True
21476,True
21477,True
21478,True
21479,True
21480,True
21481,True
21482,True
21483,True
21484,True
21485,True
21486,True
21487,True
21488,True
21489,True
21490,True
21491,True
21492,True
21493,True
21494,True
21495,True
21496,True
21497,True
21498,True
21499,True
21500,True
21501,True
21502,True
